[{"title":"qurika","summary":"dwefrgth","date":"1996-11-09","body":"qwerty"},{"title":"Qurika3","summary":"sfdgh","date":"1996-11-02","body":"sdfg"},{"title":"bakulQ","summary":"fygihjk","date":"1996-11-03","body":"fgvhbjk"},{"title":"bakul","summary":"fghjbk","date":"1996-11-15","body":"ghjkl"},{"title":"Qur444ka","summary":"sdfgh","date":"1996-01-04","body":"erty"},{"title":"QurikaGarg","summary":"drtyui","date":"1996-01-10","body":"sfhyuio"},{"title":"QurikaBAkul","summary":"sfrty","date":"1996-06-15","body":"serty"},{"title":"Qurika","summary":"qwert","date":"2001-02-04","body":"ert"},{"title":"QurikaSignhal","summary":"sdefrgty","date":"2029-06-12","body":"wsertyu7"},{"title":"Twinkle","summary":"sdfgyjhuk","date":"2028-06-05","body":"wagrtfyui"},{"title":"dsdhjkl","summary":"waertyju","date":"2016-11-02","body":"festryuh"},{"title":"kjedd","summary":"dfgty","date":"2008-06-17","body":"efrgtyu"},{"title":"ghh","summary":"qasfdgft","date":"2011-06-07","body":"sdrty"}]